{
  "kv_no_rehearsal": {
    "steps": [
      0,
      5,
      10,
      20,
      50,
      100,
      200,
      500
    ],
    "accuracy": [
      1.0,
      1.0,
      1.0,
      1.0,
      1.0,
      1.0,
      0.0,
      0.0
    ],
    "avg_sim": [
      1.0,
      0.9892557635903358,
      0.9892557635903358,
      0.953691191971302,
      0.9138874635100365,
      0.9138874635100365,
      -0.07967097265645862,
      -0.08660998055711389
    ]
  },
  "surprise_no_rehearsal": {
    "steps": [
      0,
      5,
      10,
      20,
      50,
      100,
      200,
      500
    ],
    "accuracy": [
      1.0,
      1.0,
      1.0,
      1.0,
      1.0,
      1.0,
      1.0,
      0.0
    ],
    "avg_sim": [
      0.9944403171539307,
      0.9892557635903358,
      0.9892557635903358,
      0.965010978281498,
      0.9339012429118156,
      0.9138874635100365,
      0.9138874635100365,
      0.12009705696254969
    ]
  },
  "neural_no_rehearsal": {
    "steps": [
      0,
      5,
      10,
      20,
      50,
      100,
      200,
      500
    ],
    "accuracy": [
      0.0,
      0.0,
      0.0,
      0.0,
      0.0,
      0.0,
      0.0,
      0.0
    ],
    "avg_sim": [
      0.007639498537173495,
      0.007195680984295905,
      0.008646204834803939,
      0.004248100041877478,
      -0.0069247985375113785,
      -0.009867806744296104,
      -0.00907596928300336,
      -0.008353921584784985
    ]
  },
  "kv_rehearsal": {
    "steps": [
      0,
      5,
      10,
      20,
      50,
      100,
      200,
      500
    ],
    "accuracy": [
      1.0,
      1.0,
      1.0,
      1.0,
      1.0,
      1.0,
      0.0,
      0.0
    ],
    "avg_sim": [
      1.0,
      0.9892557635903358,
      0.9892557635903358,
      0.953691191971302,
      0.953691191971302,
      0.953691191971302,
      -0.12461719941347837,
      -0.11046784510836005
    ]
  },
  "surprise_rehearsal": {
    "steps": [
      0,
      5,
      10,
      20,
      50,
      100,
      200,
      500
    ],
    "accuracy": [
      1.0,
      1.0,
      1.0,
      1.0,
      1.0,
      1.0,
      1.0,
      0.0
    ],
    "avg_sim": [
      0.9944403171539307,
      0.9892557635903358,
      0.9892557635903358,
      0.965010978281498,
      0.953691191971302,
      0.953691191971302,
      0.953691191971302,
      0.12009705696254969
    ]
  },
  "neural_rehearsal": {
    "steps": [
      0,
      5,
      10,
      20,
      50,
      100,
      200,
      500
    ],
    "accuracy": [
      0.0,
      0.0,
      0.0,
      0.0,
      0.0,
      0.0,
      0.0,
      0.0
    ],
    "avg_sim": [
      -0.011546282679773867,
      -0.013108678918797523,
      -0.012306442833505571,
      -0.018610982806421816,
      -0.011367916187737137,
      -0.010800670715980232,
      -0.01225336518837139,
      -0.007724381634034216
    ]
  },
  "metadata": {
    "experiment": "exp4b_forgetting",
    "timestamp": "2026-02-22T07:43:41.110880",
    "n_facts": 8,
    "checkpoints": [
      5,
      10,
      20,
      50,
      100,
      200,
      500
    ],
    "memory_slots": 128,
    "temporal_decay": 0.99
  }
}