{
  "baselines": {
    "no_memory": {
      "accuracy": 0.8571428571428571,
      "correct": 12,
      "total": 14
    },
    "always_on_kv": {
      "accuracy": 0.8571428571428571,
      "correct": 12,
      "total": 14
    }
  },
  "gated": {
    "accuracy": 1.0,
    "correct": 14,
    "total": 14
  },
  "training_history": {
    "accuracy": [
      0.7857142857142857,
      0.8571428571428571,
      0.9285714285714286,
      0.9285714285714286,
      0.9285714285714286,
      0.9285714285714286,
      0.9285714285714286,
      0.9285714285714286,
      0.9285714285714286,
      0.9285714285714286,
      0.9285714285714286,
      0.9285714285714286,
      0.9285714285714286,
      0.9285714285714286,
      0.9285714285714286
    ],
    "avg_reward": [
      0.7708333333333334,
      0.8333333333333333,
      0.9166666666666666,
      0.9166666666666666,
      0.9166666666666666,
      0.9166666666666666,
      0.9166666666666666,
      0.9166666666666666,
      0.9166666666666666,
      0.9166666666666666,
      0.9166666666666666,
      0.9166666666666666,
      0.9166666666666666,
      0.9166666666666666,
      0.9166666666666666
    ]
  },
  "metadata": {
    "experiment": "exp4c_memory_gate_training",
    "timestamp": "2026-02-22T08:41:41.564737",
    "gate_params": 1049346
  }
}